{
    "make_geometry": {
        "xh": [1.000000, 1.526316, 2.052632, 2.578947, 3.105263, 3.631579, 4.157895, 4.684211, 5.210526, 5.736842, 6.263158, 6.789474, 7.315789, 7.842105, 8.368421, 8.894737, 9.421053, 9.947368, 10.473684, 11.000000],
        "yh": [2, 2.31578947368421, 2.63157894736842, 2.94736842105263, 3.26315789473684, 3.57894736842105, 3.89473684210526, 4.21052631578947, 4.52631578947368, 4.84210526315789, 5.15789473684211, 5.47368421052632, 5.78947368421053, 6.10526315789474, 6.42105263157895, 6.73684210526316, 7.05263157894737, 7.36842105263158, 7.68421052631579, 8],
        "zh": [8, 7.93799037087873, 7.85250472327737, 7.7258147867945, 7.55028053799672, 7.33022074461027, 7.08085558055934, 6.82458019656734, 6.58548160620157, 6.38344134488803, 6.22926777664632, 6.12204982962276, 6.04938005825495, 5.9903924186702, 5.92087100395428, 5.81917894272337, 5.67155585985099, 5.47548689620891, 5.24031843389046, 4.98496977590764],
        "bh": [1, 1, 1, 1, 1, 1, 1, 1, 1, 1, 1, 1, 1, 1, 1, 1, 1, 1, 1, 1],
        "tot.area": 12,
        "dyy": 2,
        "xsi": [0, 0.05, 0.1, 0.15, 0.2, 0.25, 0.3, 0.35, 0.4, 0.45, 0.5, 0.55, 0.6, 0.65, 0.7, 0.75, 0.8, 0.85, 0.9, 0.95, 1],
        "eta": [0, 0.1, 0.2, 0.3, 0.4, 0.5, 0.6, 0.7, 0.8, 0.9, 1],
        "htyp": 1
    }
}